{
  "weights": [
    -0.2501752294692851,
    0.013709065378062584,
    0.012390034731434432,
    -0.04267620831944019,
    0.006288655417296135
  ],
  "bias": -1.4136778933177296,
  "feature_names": [
    "age",
    "loan_to_income",
    "debt_to_income",
    "credit_amount",
    "income"
  ],
  "auc_roc": 0.5886394733952205,
  "num_features": 5,
  "safe_count": 4
}